sl no,Product Code,Batch,Date and Day,Units sold,Remainig items,MRP,MIN_CP,INTAKE,Expiry date,Remaining Day,Dynamic_CP
1,1001,M30122018 , 30-12-2018,31,529,50,40,560, 08-01-2019,9,50
2,2001,B30122018, 30-12-2018,32,528,30,22,560, 08-01-2019,9,30
3,1001,M30122018 , 31-12-2018,72,457,50,40,560, 08-01-2019,8,50
4,2001,B30122018, 31-12-2018,67,461,30,22,560, 08-01-2019,8,30
5,1001,M30122018 , 01-01-2019,65,392,50,40,560, 08-01-2019,7,50
6,2001,B30122018, 01-01-2019,66,395,30,22,560, 08-01-2019,7,30
7,1001,M30122018 , 02-01-2019,74,318,50,40,560, 08-01-2019,6,50
8,2001,B30122018, 02-01-2019,73,322,30,22,560, 08-01-2019,6,30
9,1001,M30122018 , 03-01-2019,70,248,50,40,560, 08-01-2019,5,50
10,2001,B30122018, 03-01-2019,71,251,30,22,560, 08-01-2019,5,30
11,1001,M30122018 , 04-01-2019,10,238,50,40,560, 08-01-2019,4,48.875
12,2001,B30122018, 04-01-2019,16,235,30,22,560, 08-01-2019,4,29.325
13,1001,M30122018 , 05-01-2019,30,208,50,40,560, 08-01-2019,3,48.75
14,2001,B30122018, 05-01-2019,34,201,30,22,560, 08-01-2019,3,29.25
15,1001,M30122018 , 06-01-2019,35,173,50,40,560, 08-01-2019,2,48.625
16,2001,B30122018, 06-01-2019,31,170,30,22,560, 08-01-2019,2,29.175
17,1001,M30122018 , 07-01-2019,73,100,50,40,560, 08-01-2019,1,48.5
18,2001,B30122018, 07-01-2019,66,104,30,22,560, 08-01-2019,1,29.1
19,1001,M30122018 , 08-01-2019,73,27,50,40,560, 08-01-2019,0,47.5
20,2001,B30122018, 08-01-2019,74,30,30,22,560, 08-01-2019,0,28.5
21,1001,M06012019 , 06-01-2019,33,527,50,40,560, 15-01-2019,9,50
22,2001,B06012019, 06-01-2019,31,529,30,22,560, 15-01-2019,9,30
23,1001,M06012019 , 07-01-2019,74,453,50,40,560, 15-01-2019,8,50
24,2001,B06012019, 07-01-2019,72,457,30,22,560, 15-01-2019,8,30
25,1001,M06012019 , 08-01-2019,69,384,50,40,560, 15-01-2019,7,50
26,2001,B06012019, 08-01-2019,74,383,30,22,560, 15-01-2019,7,30
27,1001,M06012019 , 09-01-2019,71,313,50,40,560, 15-01-2019,6,50
28,2001,B06012019, 09-01-2019,70,313,30,22,560, 15-01-2019,6,30
29,1001,M06012019 , 10-01-2019,67,246,50,40,560, 15-01-2019,5,50
30,2001,B06012019, 10-01-2019,71,242,30,22,560, 15-01-2019,5,30
31,1001,M06012019 , 11-01-2019,13,233,50,40,560, 15-01-2019,4,48.875
32,2001,B06012019, 11-01-2019,19,223,30,22,560, 15-01-2019,4,29.325
33,1001,M06012019 , 12-01-2019,38,195,50,40,560, 15-01-2019,3,48.75
34,2001,B06012019, 12-01-2019,37,186,30,22,560, 15-01-2019,3,29.25
35,1001,M06012019 , 13-01-2019,40,155,50,40,560, 15-01-2019,2,48.625
36,2001,B06012019, 13-01-2019,36,150,30,22,560, 15-01-2019,2,29.175
37,1001,M06012019 , 14-01-2019,68,87,50,40,560, 15-01-2019,1,48.5
38,2001,B06012019, 14-01-2019,68,82,30,22,560, 15-01-2019,1,29.1
39,1001,M06012019 , 15-01-2019,68,19,50,40,560, 15-01-2019,0,47.5
40,2001,B06012019, 15-01-2019,71,11,30,22,560, 15-01-2019,0,28.5
41,1001,M13012019 , 13-01-2019,40,520,50,40,560, 22-01-2019,9,50
42,2001,B13012019, 13-01-2019,30,530,30,22,560, 22-01-2019,9,30
43,1001,M13012019 , 14-01-2019,69,451,50,40,560, 22-01-2019,8,50
44,2001,B13012019, 14-01-2019,65,465,30,22,560, 22-01-2019,8,30
45,1001,M13012019 , 15-01-2019,72,379,50,40,560, 22-01-2019,7,50
46,2001,B13012019, 15-01-2019,67,398,30,22,560, 22-01-2019,7,30
47,1001,M13012019 , 16-01-2019,71,308,50,40,560, 22-01-2019,6,50
48,2001,B13012019, 16-01-2019,65,333,30,22,560, 22-01-2019,6,30
49,1001,M13012019 , 17-01-2019,70,238,50,40,560, 22-01-2019,5,50
50,2001,B13012019, 17-01-2019,74,259,30,22,560, 22-01-2019,5,30
51,1001,M13012019 , 18-01-2019,18,220,50,40,560, 22-01-2019,4,48.875
52,2001,B13012019, 18-01-2019,17,242,30,22,560, 22-01-2019,4,29.325
53,1001,M13012019 , 19-01-2019,32,188,50,40,560, 22-01-2019,3,48.75
54,2001,B13012019, 19-01-2019,38,204,30,22,560, 22-01-2019,3,29.25
55,1001,M13012019 , 20-01-2019,30,158,50,40,560, 22-01-2019,2,48.625
56,2001,B13012019, 20-01-2019,31,173,30,22,560, 22-01-2019,2,29.175
57,1001,M13012019 , 21-01-2019,72,86,50,40,560, 22-01-2019,1,48.5
58,2001,B13012019, 21-01-2019,66,107,30,22,560, 22-01-2019,1,29.1
59,1001,M13012019 , 22-01-2019,67,19,50,40,560, 22-01-2019,0,47.5
60,2001,B13012019, 22-01-2019,75,32,30,22,560, 22-01-2019,0,28.5
61,1001,M20012019 , 20-01-2019,34,526,50,40,560, 29-01-2019,9,50
62,2001,B20012019, 20-01-2019,36,524,30,22,560, 29-01-2019,9,30
63,1001,M20012019 , 21-01-2019,74,452,50,40,560, 29-01-2019,8,50
64,2001,B20012019, 21-01-2019,65,459,30,22,560, 29-01-2019,8,30
65,1001,M20012019 , 22-01-2019,72,380,50,40,560, 29-01-2019,7,50
66,2001,B20012019, 22-01-2019,65,394,30,22,560, 29-01-2019,7,30
67,1001,M20012019 , 23-01-2019,75,305,50,40,560, 29-01-2019,6,50
68,2001,B20012019, 23-01-2019,74,320,30,22,560, 29-01-2019,6,30
69,1001,M20012019 , 24-01-2019,68,237,50,40,560, 29-01-2019,5,50
70,2001,B20012019, 24-01-2019,68,252,30,22,560, 29-01-2019,5,30
71,1001,M20012019 , 25-01-2019,16,221,50,40,560, 29-01-2019,4,48.875
72,2001,B20012019, 25-01-2019,10,242,30,22,560, 29-01-2019,4,29.325
73,1001,M20012019 , 26-01-2019,36,185,50,40,560, 29-01-2019,3,48.75
74,2001,B20012019, 26-01-2019,34,208,30,22,560, 29-01-2019,3,29.25
75,1001,M20012019 , 27-01-2019,30,155,50,40,560, 29-01-2019,2,48.625
76,2001,B20012019, 27-01-2019,37,171,30,22,560, 29-01-2019,2,29.175
77,1001,M20012019 , 28-01-2019,67,88,50,40,560, 29-01-2019,1,48.5
78,2001,B20012019, 28-01-2019,74,97,30,22,560, 29-01-2019,1,29.1
79,1001,M20012019 , 29-01-2019,74,14,50,40,560, 29-01-2019,0,47.5
80,2001,B20012019, 29-01-2019,70,27,30,22,560, 29-01-2019,0,28.5
81,1001,M27012019 , 27-01-2019,35,525,50,40,560, 05-02-2019,9,50
82,2001,B27012019, 27-01-2019,32,528,30,22,560, 05-02-2019,9,30
83,1001,M27012019 , 28-01-2019,68,457,50,40,560, 05-02-2019,8,50
84,2001,B27012019, 28-01-2019,68,460,30,22,560, 05-02-2019,8,30
85,1001,M27012019 , 29-01-2019,69,388,50,40,560, 05-02-2019,7,50
86,2001,B27012019, 29-01-2019,70,390,30,22,560, 05-02-2019,7,30
87,1001,M27012019 , 30-01-2019,66,322,50,40,560, 05-02-2019,6,50
88,2001,B27012019, 30-01-2019,69,321,30,22,560, 05-02-2019,6,30
89,1001,M27012019 , 31-01-2019,73,249,50,40,560, 05-02-2019,5,50
90,2001,B27012019, 31-01-2019,72,249,30,22,560, 05-02-2019,5,30
91,1001,M27012019 , 01-02-2019,16,233,50,40,560, 05-02-2019,4,48.875
92,2001,B27012019, 01-02-2019,10,239,30,22,560, 05-02-2019,4,29.325
93,1001,M27012019 , 02-02-2019,40,193,50,40,560, 05-02-2019,3,48.75
94,2001,B27012019, 02-02-2019,35,204,30,22,560, 05-02-2019,3,29.25
95,1001,M27012019 , 03-02-2019,37,156,50,40,560, 05-02-2019,2,48.625
96,2001,B27012019, 03-02-2019,34,170,30,22,560, 05-02-2019,2,29.175
97,1001,M27012019 , 04-02-2019,66,90,50,40,560, 05-02-2019,1,48.5
98,2001,B27012019, 04-02-2019,69,101,30,22,560, 05-02-2019,1,29.1
99,1001,M27012019 , 05-02-2019,68,22,50,40,560, 05-02-2019,0,47.5
100,2001,B27012019, 05-02-2019,65,36,30,22,560, 05-02-2019,0,28.5
101,1001,M03022019 , 03-02-2019,31,529,50,40,560, 12-02-2019,9,50
102,2001,B03022019, 03-02-2019,33,527,30,22,560, 12-02-2019,9,30
103,1001,M03022019 , 04-02-2019,74,455,50,40,560, 12-02-2019,8,50
104,2001,B03022019, 04-02-2019,73,454,30,22,560, 12-02-2019,8,30
105,1001,M03022019 , 05-02-2019,66,389,50,40,560, 12-02-2019,7,50
106,2001,B03022019, 05-02-2019,66,388,30,22,560, 12-02-2019,7,30
107,1001,M03022019 , 06-02-2019,75,314,50,40,560, 12-02-2019,6,50
108,2001,B03022019, 06-02-2019,70,318,30,22,560, 12-02-2019,6,30
109,1001,M03022019 , 07-02-2019,65,249,50,40,560, 12-02-2019,5,50
110,2001,B03022019, 07-02-2019,74,244,30,22,560, 12-02-2019,5,30
111,1001,M03022019 , 08-02-2019,13,236,50,40,560, 12-02-2019,4,48.875
112,2001,B03022019, 08-02-2019,17,227,30,22,560, 12-02-2019,4,29.325
113,1001,M03022019 , 09-02-2019,34,202,50,40,560, 12-02-2019,3,48.75
114,2001,B03022019, 09-02-2019,39,188,30,22,560, 12-02-2019,3,29.25
115,1001,M03022019 , 10-02-2019,37,165,50,40,560, 12-02-2019,2,48.625
116,2001,B03022019, 10-02-2019,38,150,30,22,560, 12-02-2019,2,29.175
117,1001,M03022019 , 11-02-2019,65,100,50,40,560, 12-02-2019,1,48.5
118,2001,B03022019, 11-02-2019,71,79,30,22,560, 12-02-2019,1,29.1
119,1001,M03022019 , 12-02-2019,69,31,50,40,560, 12-02-2019,0,47.5
120,2001,B03022019, 12-02-2019,67,12,30,22,560, 12-02-2019,0,28.5
121,1001,M10022019 , 10-02-2019,32,528,50,40,560, 19-02-2019,9,50
122,2001,B10022019, 10-02-2019,30,530,30,22,560, 19-02-2019,9,30
123,1001,M10022019 , 11-02-2019,70,458,50,40,560, 19-02-2019,8,50
124,2001,B10022019, 11-02-2019,67,463,30,22,560, 19-02-2019,8,30
125,1001,M10022019 , 12-02-2019,72,386,50,40,560, 19-02-2019,7,50
126,2001,B10022019, 12-02-2019,75,388,30,22,560, 19-02-2019,7,30
127,1001,M10022019 , 13-02-2019,73,313,50,40,560, 19-02-2019,6,50
128,2001,B10022019, 13-02-2019,69,319,30,22,560, 19-02-2019,6,30
129,1001,M10022019 , 14-02-2019,65,248,50,40,560, 19-02-2019,5,50
130,2001,B10022019, 14-02-2019,74,245,30,22,560, 19-02-2019,5,30
131,1001,M10022019 , 15-02-2019,13,235,50,40,560, 19-02-2019,4,48.875
132,2001,B10022019, 15-02-2019,19,226,30,22,560, 19-02-2019,4,29.325
133,1001,M10022019 , 16-02-2019,38,197,50,40,560, 19-02-2019,3,48.75
134,2001,B10022019, 16-02-2019,35,191,30,22,560, 19-02-2019,3,29.25
135,1001,M10022019 , 17-02-2019,38,159,50,40,560, 19-02-2019,2,48.625
136,2001,B10022019, 17-02-2019,35,156,30,22,560, 19-02-2019,2,29.175
137,1001,M10022019 , 18-02-2019,75,84,50,40,560, 19-02-2019,1,48.5
138,2001,B10022019, 18-02-2019,73,83,30,22,560, 19-02-2019,1,29.1
139,1001,M10022019 , 19-02-2019,70,14,50,40,560, 19-02-2019,0,47.5
140,2001,B10022019, 19-02-2019,75,8,30,22,560, 19-02-2019,0,28.5
141,1001,M17022019 , 17-02-2019,39,521,50,40,560, 26-02-2019,9,50
142,2001,B17022019, 17-02-2019,35,525,30,22,560, 26-02-2019,9,30
143,1001,M17022019 , 18-02-2019,69,452,50,40,560, 26-02-2019,8,50
144,2001,B17022019, 18-02-2019,65,460,30,22,560, 26-02-2019,8,30
145,1001,M17022019 , 19-02-2019,66,386,50,40,560, 26-02-2019,7,50
146,2001,B17022019, 19-02-2019,71,389,30,22,560, 26-02-2019,7,30
147,1001,M17022019 , 20-02-2019,75,311,50,40,560, 26-02-2019,6,50
148,2001,B17022019, 20-02-2019,70,319,30,22,560, 26-02-2019,6,30
149,1001,M17022019 , 21-02-2019,70,241,50,40,560, 26-02-2019,5,50
150,2001,B17022019, 21-02-2019,74,245,30,22,560, 26-02-2019,5,30
151,1001,M17022019 , 22-02-2019,18,223,50,40,560, 26-02-2019,4,48.875
152,2001,B17022019, 22-02-2019,13,232,30,22,560, 26-02-2019,4,29.325
153,1001,M17022019 , 23-02-2019,32,191,50,40,560, 26-02-2019,3,48.75
154,2001,B17022019, 23-02-2019,35,197,30,22,560, 26-02-2019,3,29.25
155,1001,M17022019 , 24-02-2019,39,152,50,40,560, 26-02-2019,2,48.625
156,2001,B17022019, 24-02-2019,36,161,30,22,560, 26-02-2019,2,29.175
157,1001,M17022019 , 25-02-2019,70,82,50,40,560, 26-02-2019,1,48.5
158,2001,B17022019, 25-02-2019,68,93,30,22,560, 26-02-2019,1,29.1
159,1001,M17022019 , 26-02-2019,68,14,50,40,560, 26-02-2019,0,47.5
160,2001,B17022019, 26-02-2019,72,21,30,22,560, 26-02-2019,0,28.5
161,1001,M24022019 , 24-02-2019,36,524,50,40,560, 05-03-2019,9,50
162,2001,B24022019, 24-02-2019,40,520,30,22,560, 05-03-2019,9,30
163,1001,M24022019 , 25-02-2019,70,454,50,40,560, 05-03-2019,8,50
164,2001,B24022019, 25-02-2019,74,446,30,22,560, 05-03-2019,8,30
165,1001,M24022019 , 26-02-2019,65,389,50,40,560, 05-03-2019,7,50
166,2001,B24022019, 26-02-2019,67,379,30,22,560, 05-03-2019,7,30
167,1001,M24022019 , 27-02-2019,73,316,50,40,560, 05-03-2019,6,50
168,2001,B24022019, 27-02-2019,67,312,30,22,560, 05-03-2019,6,30
169,1001,M24022019 , 28-02-2019,67,249,50,40,560, 05-03-2019,5,50
170,2001,B24022019, 28-02-2019,70,242,30,22,560, 05-03-2019,5,30
171,1001,M24022019 , 01-03-2019,19,230,50,40,560, 05-03-2019,4,48.875
172,2001,B24022019, 01-03-2019,14,228,30,22,560, 05-03-2019,4,29.325
173,1001,M24022019 , 02-03-2019,32,198,50,40,560, 05-03-2019,3,48.75
174,2001,B24022019, 02-03-2019,39,189,30,22,560, 05-03-2019,3,29.25
175,1001,M24022019 , 03-03-2019,31,167,50,40,560, 05-03-2019,2,48.625
176,2001,B24022019, 03-03-2019,30,159,30,22,560, 05-03-2019,2,29.175
177,1001,M24022019 , 04-03-2019,71,96,50,40,560, 05-03-2019,1,48.5
178,2001,B24022019, 04-03-2019,73,86,30,22,560, 05-03-2019,1,29.1
179,1001,M24022019 , 05-03-2019,69,27,50,40,560, 05-03-2019,0,47.5
180,2001,B24022019, 05-03-2019,73,13,30,22,560, 05-03-2019,0,28.5
181,1001,M03032019 , 03-03-2019,38,522,50,40,560, 12-03-2019,9,50
182,2001,B03032019, 03-03-2019,37,523,30,22,560, 12-03-2019,9,30
183,1001,M03032019 , 04-03-2019,73,449,50,40,560, 12-03-2019,8,50
184,2001,B03032019, 04-03-2019,74,449,30,22,560, 12-03-2019,8,30
185,1001,M03032019 , 05-03-2019,72,377,50,40,560, 12-03-2019,7,50
186,2001,B03032019, 05-03-2019,75,374,30,22,560, 12-03-2019,7,30
187,1001,M03032019 , 06-03-2019,68,309,50,40,560, 12-03-2019,6,50
188,2001,B03032019, 06-03-2019,65,309,30,22,560, 12-03-2019,6,30
189,1001,M03032019 , 07-03-2019,67,242,50,40,560, 12-03-2019,5,50
190,2001,B03032019, 07-03-2019,75,234,30,22,560, 12-03-2019,5,30
191,1001,M03032019 , 08-03-2019,15,227,50,40,560, 12-03-2019,4,48.875
192,2001,B03032019, 08-03-2019,12,222,30,22,560, 12-03-2019,4,29.325
193,1001,M03032019 , 09-03-2019,34,193,50,40,560, 12-03-2019,3,48.75
194,2001,B03032019, 09-03-2019,36,186,30,22,560, 12-03-2019,3,29.25
195,1001,M03032019 , 10-03-2019,30,163,50,40,560, 12-03-2019,2,48.625
196,2001,B03032019, 10-03-2019,31,155,30,22,560, 12-03-2019,2,29.175
197,1001,M03032019 , 11-03-2019,69,94,50,40,560, 12-03-2019,1,48.5
198,2001,B03032019, 11-03-2019,68,87,30,22,560, 12-03-2019,1,29.1
199,1001,M03032019 , 12-03-2019,72,22,50,40,560, 12-03-2019,0,47.5
200,2001,B03032019, 12-03-2019,71,16,30,22,560, 12-03-2019,0,28.5
201,1001,M10032019 , 10-03-2019,36,524,50,40,560, 19-03-2019,9,50
202,2001,B10032019, 10-03-2019,33,527,30,22,560, 19-03-2019,9,30
203,1001,M10032019 , 11-03-2019,72,452,50,40,560, 19-03-2019,8,50
204,2001,B10032019, 11-03-2019,74,453,30,22,560, 19-03-2019,8,30
205,1001,M10032019 , 12-03-2019,65,387,50,40,560, 19-03-2019,7,50
206,2001,B10032019, 12-03-2019,71,382,30,22,560, 19-03-2019,7,30
207,1001,M10032019 , 13-03-2019,72,315,50,40,560, 19-03-2019,6,50
208,2001,B10032019, 13-03-2019,74,308,30,22,560, 19-03-2019,6,30
209,1001,M10032019 , 14-03-2019,74,241,50,40,560, 19-03-2019,5,50
210,2001,B10032019, 14-03-2019,65,243,30,22,560, 19-03-2019,5,30
211,1001,M10032019 , 15-03-2019,18,223,50,40,560, 19-03-2019,4,48.875
212,2001,B10032019, 15-03-2019,10,233,30,22,560, 19-03-2019,4,29.325
213,1001,M10032019 , 16-03-2019,37,186,50,40,560, 19-03-2019,3,48.75
214,2001,B10032019, 16-03-2019,40,193,30,22,560, 19-03-2019,3,29.25
215,1001,M10032019 , 17-03-2019,31,155,50,40,560, 19-03-2019,2,48.625
216,2001,B10032019, 17-03-2019,31,162,30,22,560, 19-03-2019,2,29.175
217,1001,M10032019 , 18-03-2019,74,81,50,40,560, 19-03-2019,1,48.5
218,2001,B10032019, 18-03-2019,69,93,30,22,560, 19-03-2019,1,29.1
219,1001,M10032019 , 19-03-2019,68,13,50,40,560, 19-03-2019,0,47.5
220,2001,B10032019, 19-03-2019,73,20,30,22,560, 19-03-2019,0,28.5
221,1001,M17032019 , 17-03-2019,35,525,50,40,560, 26-03-2019,9,50
222,2001,B17032019, 17-03-2019,31,529,30,22,560, 26-03-2019,9,30
223,1001,M17032019 , 18-03-2019,72,453,50,40,560, 26-03-2019,8,50
224,2001,B17032019, 18-03-2019,68,461,30,22,560, 26-03-2019,8,30
225,1001,M17032019 , 19-03-2019,67,386,50,40,560, 26-03-2019,7,50
226,2001,B17032019, 19-03-2019,73,388,30,22,560, 26-03-2019,7,30
227,1001,M17032019 , 20-03-2019,71,315,50,40,560, 26-03-2019,6,50
228,2001,B17032019, 20-03-2019,67,321,30,22,560, 26-03-2019,6,30
229,1001,M17032019 , 21-03-2019,66,249,50,40,560, 26-03-2019,5,50
230,2001,B17032019, 21-03-2019,67,254,30,22,560, 26-03-2019,5,30
231,1001,M17032019 , 22-03-2019,13,236,50,40,560, 26-03-2019,4,48.875
232,2001,B17032019, 22-03-2019,18,236,30,22,560, 26-03-2019,4,29.325
233,1001,M17032019 , 23-03-2019,40,196,50,40,560, 26-03-2019,3,48.75
234,2001,B17032019, 23-03-2019,33,203,30,22,560, 26-03-2019,3,29.25
235,1001,M17032019 , 24-03-2019,38,158,50,40,560, 26-03-2019,2,48.625
236,2001,B17032019, 24-03-2019,32,171,30,22,560, 26-03-2019,2,29.175
237,1001,M17032019 , 25-03-2019,75,83,50,40,560, 26-03-2019,1,48.5
238,2001,B17032019, 25-03-2019,66,105,30,22,560, 26-03-2019,1,29.1
239,1001,M17032019 , 26-03-2019,71,12,50,40,560, 26-03-2019,0,47.5
240,2001,B17032019, 26-03-2019,72,33,30,22,560, 26-03-2019,0,28.5
241,1001,M24032019 , 24-03-2019,30,530,50,40,560, 02-04-2019,9,50
242,2001,B24032019, 24-03-2019,38,522,30,22,560, 02-04-2019,9,30
243,1001,M24032019 , 25-03-2019,73,457,50,40,560, 02-04-2019,8,50
244,2001,B24032019, 25-03-2019,72,450,30,22,560, 02-04-2019,8,30
245,1001,M24032019 , 26-03-2019,65,392,50,40,560, 02-04-2019,7,50
246,2001,B24032019, 26-03-2019,68,382,30,22,560, 02-04-2019,7,30
247,1001,M24032019 , 27-03-2019,73,319,50,40,560, 02-04-2019,6,50
248,2001,B24032019, 27-03-2019,70,312,30,22,560, 02-04-2019,6,30
249,1001,M24032019 , 28-03-2019,74,245,50,40,560, 02-04-2019,5,50
250,2001,B24032019, 28-03-2019,70,242,30,22,560, 02-04-2019,5,30
251,1001,M24032019 , 29-03-2019,15,230,50,40,560, 02-04-2019,4,48.875
252,2001,B24032019, 29-03-2019,14,228,30,22,560, 02-04-2019,4,29.325
253,1001,M24032019 , 30-03-2019,35,195,50,40,560, 02-04-2019,3,48.75
254,2001,B24032019, 30-03-2019,36,192,30,22,560, 02-04-2019,3,29.25
255,1001,M24032019 , 31-03-2019,36,159,50,40,560, 02-04-2019,2,48.625
256,2001,B24032019, 31-03-2019,33,159,30,22,560, 02-04-2019,2,29.175
257,1001,M24032019 , 01-04-2019,70,89,50,40,560, 02-04-2019,1,48.5
258,2001,B24032019, 01-04-2019,68,91,30,22,560, 02-04-2019,1,29.1
259,1001,M24032019 , 02-04-2019,73,16,50,40,560, 02-04-2019,0,47.5
260,2001,B24032019, 02-04-2019,65,26,30,22,560, 02-04-2019,0,28.5
261,1001,M31032019 , 31-03-2019,32,528,50,40,560, 09-04-2019,9,50
262,2001,B31032019, 31-03-2019,37,523,30,22,560, 09-04-2019,9,30
263,1001,M31032019 , 01-04-2019,71,457,50,40,560, 09-04-2019,8,50
264,2001,B31032019, 01-04-2019,67,456,30,22,560, 09-04-2019,8,30
265,1001,M31032019 , 02-04-2019,69,388,50,40,560, 09-04-2019,7,50
266,2001,B31032019, 02-04-2019,75,381,30,22,560, 09-04-2019,7,30
267,1001,M31032019 , 03-04-2019,73,315,50,40,560, 09-04-2019,6,50
268,2001,B31032019, 03-04-2019,65,316,30,22,560, 09-04-2019,6,30
269,1001,M31032019 , 04-04-2019,75,240,50,40,560, 09-04-2019,5,50
270,2001,B31032019, 04-04-2019,69,247,30,22,560, 09-04-2019,5,30
271,1001,M31032019 , 05-04-2019,18,222,50,40,560, 09-04-2019,4,48.875
272,2001,B31032019, 05-04-2019,13,234,30,22,560, 09-04-2019,4,29.325
273,1001,M31032019 , 06-04-2019,35,187,50,40,560, 09-04-2019,3,48.75
274,2001,B31032019, 06-04-2019,34,200,30,22,560, 09-04-2019,3,29.25
275,1001,M31032019 , 07-04-2019,40,147,50,40,560, 09-04-2019,2,48.625
276,2001,B31032019, 07-04-2019,30,170,30,22,560, 09-04-2019,2,29.175
277,1001,M31032019 , 08-04-2019,67,80,50,40,560, 09-04-2019,1,48.5
278,2001,B31032019, 08-04-2019,65,105,30,22,560, 09-04-2019,1,29.1
279,1001,M31032019 , 09-04-2019,75,5,50,40,560, 09-04-2019,0,47.5
280,2001,B31032019, 09-04-2019,69,36,30,22,560, 09-04-2019,0,28.5
281,1001,M07042019 , 07-04-2019,35,525,50,40,560, 16-04-2019,9,50
282,2001,B07042019, 07-04-2019,30,530,30,22,560, 16-04-2019,9,30
283,1001,M07042019 , 08-04-2019,74,451,50,40,560, 16-04-2019,8,50
284,2001,B07042019, 08-04-2019,70,460,30,22,560, 16-04-2019,8,30
285,1001,M07042019 , 09-04-2019,71,380,50,40,560, 16-04-2019,7,50
286,2001,B07042019, 09-04-2019,74,386,30,22,560, 16-04-2019,7,30
287,1001,M07042019 , 10-04-2019,73,307,50,40,560, 16-04-2019,6,50
288,2001,B07042019, 10-04-2019,65,321,30,22,560, 16-04-2019,6,30
289,1001,M07042019 , 11-04-2019,66,241,50,40,560, 16-04-2019,5,50
290,2001,B07042019, 11-04-2019,67,254,30,22,560, 16-04-2019,5,30
291,1001,M07042019 , 12-04-2019,15,226,50,40,560, 16-04-2019,4,48.875
292,2001,B07042019, 12-04-2019,20,234,30,22,560, 16-04-2019,4,29.325
293,1001,M07042019 , 13-04-2019,36,190,50,40,560, 16-04-2019,3,48.75
294,2001,B07042019, 13-04-2019,34,200,30,22,560, 16-04-2019,3,29.25
295,1001,M07042019 , 14-04-2019,38,152,50,40,560, 16-04-2019,2,48.625
296,2001,B07042019, 14-04-2019,33,167,30,22,560, 16-04-2019,2,29.175
297,1001,M07042019 , 15-04-2019,71,81,50,40,560, 16-04-2019,1,48.5
298,2001,B07042019, 15-04-2019,72,95,30,22,560, 16-04-2019,1,29.1
299,1001,M07042019 , 16-04-2019,67,14,50,40,560, 16-04-2019,0,47.5
300,2001,B07042019, 16-04-2019,69,26,30,22,560, 16-04-2019,0,28.5
301,1001,M14042019 , 14-04-2019,32,554,50,40,560, 23-04-2019,9,50
302,2001,B14042019, 14-04-2019,36,524,30,22,560, 23-04-2019,9,30
303,1001,M14042019 ,15-04-2019,35,519,50,40,560, 23-04-2019,8,50
304,2001,B14042019,15-04-2019,31,493,30,22,560, 23-04-2019,8,30
305,1001,M14042019 ,16-04-2019,72,447,50,40,560, 23-04-2019,7,50
306,2001,B14042019,16-04-2019,69,424,30,22,560, 23-04-2019,7,30
307,1001,M14042019 ,17-04-2019,67,380,50,40,560, 23-04-2019,6,50
308,2001,B14042019,17-04-2019,73,351,30,22,560, 23-04-2019,6,30
309,1001,M14042019 ,18-04-2019,74,306,50,40,560, 23-04-2019,5,50
310,2001,B14042019,18-04-2019,70,281,30,22,560, 23-04-2019,5,30
311,1001,M14042019 ,19-04-2019,66,240,50,40,560, 23-04-2019,4,48.875
312,2001,B14042019,19-04-2019,69,212,30,22,560, 23-04-2019,4,29.325
313,1001,M14042019 ,20-04-2019,13,227,50,40,560, 23-04-2019,3,48.75
314,2001,B14042019,20-04-2019,17,195,30,22,560, 23-04-2019,3,29.25
315,1001,M14042019 ,21-04-2019,35,192,50,40,560, 23-04-2019,2,48.625
316,2001,B14042019,21-04-2019,32,163,30,22,560, 23-04-2019,2,29.175
317,1001,M14042019 ,22-04-2019,34,158,50,40,560, 23-04-2019,1,48.5
318,2001,B14042019,22-04-2019,38,125,30,22,560, 23-04-2019,1,29.1
319,1001,M14042019 ,23-04-2019,69,89,50,40,560, 23-04-2019,0,47.5
320,2001,B14042019,23-04-2019,66,59,30,22,560, 23-04-2019,0,28.5
321,1001,M21042019 ,21-04-2019,32,528,50,40,560, 30-04-2019,9,50
322,2001,B21042019,21-04-2019,34,526,30,22,560, 30-04-2019,9,30
323,1001,M21042019 ,22-04-2019,38,490,50,40,560, 30-04-2019,8,50
324,2001,B21042019,22-04-2019,36,490,30,22,560, 30-04-2019,8,30
325,1001,M21042019 ,23-04-2019,69,421,50,40,560, 30-04-2019,7,50
326,2001,B21042019,23-04-2019,73,417,30,22,560, 30-04-2019,7,30
327,1001,M21042019 ,24-04-2019,74,347,50,40,560, 30-04-2019,6,50
328,2001,B21042019,24-04-2019,67,350,30,22,560, 30-04-2019,6,30
329,1001,M21042019 ,25-04-2019,68,279,50,40,560, 30-04-2019,5,50
330,2001,B21042019,25-04-2019,67,283,30,22,560, 30-04-2019,5,30
331,1001,M21042019 ,26-04-2019,73,206,50,40,560, 30-04-2019,4,48.875
332,2001,B21042019,26-04-2019,72,211,30,22,560, 30-04-2019,4,29.325
333,1001,M21042019 ,27-04-2019,15,191,50,40,560, 30-04-2019,3,48.75
334,2001,B21042019,27-04-2019,17,194,30,22,560, 30-04-2019,3,29.25
335,1001,M21042019 ,28-04-2019,36,155,50,40,560, 30-04-2019,2,48.625
336,2001,B21042019,28-04-2019,33,161,30,22,560, 30-04-2019,2,29.175
337,1001,M21042019 ,29-04-2019,38,117,50,40,560, 30-04-2019,1,48.5
338,2001,B21042019,29-04-2019,35,126,30,22,560, 30-04-2019,1,29.1
339,1001,M21042019 ,30-04-2019,68,49,50,40,560, 30-04-2019,0,47.5
340,2001,B21042019,30-04-2019,69,57,30,22,560, 30-04-2019,0,28.5
341,1001,M28042019 ,28-04-2019,34,526,50,40,560,7/5/2019,9,50
342,2001,B28042019,28-04-2019,35,525,30,22,560,7/5/2019,9,30
343,1001,M28042019 ,29-04-2019,32,494,50,40,560,7/5/2019,8,50
344,2001,B28042019,29-04-2019,31,494,30,22,560,7/5/2019,8,30
345,1001,M28042019 ,30-04-2019,70,424,50,40,560,7/5/2019,7,50
346,2001,B28042019,30-04-2019,70,424,30,22,560,7/5/2019,7,30
347,1001,M28042019 ,1/5/2019,69,355,50,40,560,7/5/2019,6,50
348,2001,B28042019,1/5/2019,67,357,30,22,560,7/5/2019,6,30
349,1001,M28042019 ,2/5/2019,73,282,50,40,560,7/5/2019,5,50
350,2001,B28042019,2/5/2019,72,285,30,22,560,7/5/2019,5,30
351,1001,M28042019 ,3/5/2019,70,212,50,40,560,7/5/2019,4,48.875
352,2001,B28042019,3/5/2019,68,217,30,22,560,7/5/2019,4,29.325
353,1001,M28042019 ,4/5/2019,13,199,50,40,560,7/5/2019,3,48.75
354,2001,B28042019,4/5/2019,16,201,30,22,560,7/5/2019,3,29.25
355,1001,M28042019 ,5/5/2019,38,161,50,40,560,7/5/2019,2,48.625
356,2001,B28042019,5/5/2019,35,166,30,22,560,7/5/2019,2,29.175
357,1001,M28042019 ,6/5/2019,32,129,50,40,560,7/5/2019,1,48.5
358,2001,B28042019,6/5/2019,31,135,30,22,560,7/5/2019,1,29.1
359,1001,M28042019 ,7/5/2019,70,59,50,40,560,7/5/2019,0,47.5
360,2001,B28042019,7/5/2019,71,64,30,22,560,7/5/2019,0,28.5
361,1001,M05052019 ,5/5/2019,38,522,50,40,560,14-05-2019,9,50
362,2001,B05052019,5/5/2019,39,521,30,22,560,14-05-2019,9,30
363,1001,M05052019 ,6/5/2019,36,486,50,40,560,14-05-2019,8,50
364,2001,B05052019,6/5/2019,32,489,30,22,560,14-05-2019,8,30
365,1001,M05052019 ,7/5/2019,66,420,50,40,560,14-05-2019,7,50
366,2001,B05052019,7/5/2019,70,419,30,22,560,14-05-2019,7,30
367,1001,M05052019 ,8/5/2019,73,347,50,40,560,14-05-2019,6,50
368,2001,B05052019,8/5/2019,71,348,30,22,560,14-05-2019,6,30
369,1001,M05052019 ,9/5/2019,69,278,50,40,560,14-05-2019,5,50
370,2001,B05052019,9/5/2019,67,281,30,22,560,14-05-2019,5,30
371,1001,M05052019 ,10/5/2019,70,208,50,40,560,14-05-2019,4,48.875
372,2001,B05052019,10/5/2019,74,207,30,22,560,14-05-2019,4,29.325
373,1001,M05052019 ,11/5/2019,16,192,50,40,560,14-05-2019,3,48.75
374,2001,B05052019,11/5/2019,13,194,30,22,560,14-05-2019,3,29.25
375,1001,M05052019 ,12/5/2019,34,158,50,40,560,14-05-2019,2,48.625
376,2001,B05052019,12/5/2019,39,155,30,22,560,14-05-2019,2,29.175
377,1001,M05052019 ,13-05-2019,37,121,50,40,560,14-05-2019,1,48.5
378,2001,B05052019,13-05-2019,31,124,30,22,560,14-05-2019,1,29.1
379,1001,M05052019 ,14-05-2019,71,50,50,40,560,14-05-2019,0,47.5
380,2001,B05052019,14-05-2019,68,56,30,22,560,14-05-2019,0,28.5
381,1001,M12052019 ,12/5/2019,36,524,50,40,560,21-05-2019,9,50
382,2001,B12052019,12/5/2019,33,527,30,22,560,21-05-2019,9,30
383,1001,M12052019 ,13-05-2019,39,485,50,40,560,21-05-2019,8,50
384,2001,B12052019,13-05-2019,37,490,30,22,560,21-05-2019,8,30
385,1001,M12052019 ,14-05-2019,67,418,50,40,560,21-05-2019,7,50
386,2001,B12052019,14-05-2019,69,421,30,22,560,21-05-2019,7,30
387,1001,M12052019 ,15-05-2019,73,345,50,40,560,21-05-2019,6,50
388,2001,B12052019,15-05-2019,72,349,30,22,560,21-05-2019,6,30
389,1001,M12052019 ,16-05-2019,71,274,50,40,560,21-05-2019,5,50
390,2001,B12052019,16-05-2019,70,279,30,22,560,21-05-2019,5,30
391,1001,M12052019 ,17-05-2019,69,205,50,40,560,21-05-2019,4,48.875
392,2001,B12052019,17-05-2019,66,213,30,22,560,21-05-2019,4,29.325
393,1001,M12052019 ,18-05-2019,13,192,50,40,560,21-05-2019,3,48.75
394,2001,B12052019,18-05-2019,17,196,30,22,560,21-05-2019,3,29.25
395,1001,M12052019 ,19-05-2019,36,156,50,40,560,21-05-2019,2,48.625
396,2001,B12052019,19-05-2019,38,158,30,22,560,21-05-2019,2,29.125
397,1001,M12052019 ,20-05-2019,35,121,50,40,560,21-05-2019,1,48.5
398,2001,B12052019,20-05-2019,31,127,30,22,560,21-05-2019,1,29.1
399,1001,M12052019 ,21-05-2019,68,53,50,40,560,21-05-2019,0,47.5
400,2001,B12052019,21-05-2019,67,60,30,22,560,21-05-2019,0,28.5
401,1001,M19052019 ,19-05-2019,34,526,50,40,560,28-05-2019,9,50
402,2001,B19052019,19-05-2019,36,524,30,22,560,28-05-2019,9,30
403,1001,M19052019 ,20-05-2019,32,494,50,40,560,28-05-2019,8,50
404,2001,B19052019,20-05-2019,38,486,30,22,560,28-05-2019,8,30
405,1001,M19052019 ,21-05-2019,68,426,50,40,560,28-05-2019,7,50
406,2001,B19052019,21-05-2019,69,417,30,22,560,28-05-2019,7,30
407,1001,M19052019 ,22-05-2019,72,354,50,40,560,28-05-2019,6,50
408,2001,B19052019,22-05-2019,70,347,30,22,560,28-05-2019,6,30
409,1001,M19052019 ,23-05-2019,66,288,50,40,560,28-05-2019,5,50
410,2001,B19052019,23-05-2019,69,278,30,22,560,28-05-2019,5,30
411,1001,M19052019 ,24-05-2019,73,215,50,40,560,28-05-2019,4,48.875
412,2001,B19052019,24-05-2019,74,204,30,22,560,28-05-2019,4,29.325
413,1001,M19052019 ,25-05-2019,17,198,50,40,560,28-05-2019,3,48.75
414,2001,B19052019,25-05-2019,11,193,30,22,560,28-05-2019,3,29.25
415,1001,M19052019 ,26-05-2019,32,166,50,40,560,28-05-2019,2,48.625
416,2001,B19052019,26-05-2019,35,158,30,22,560,28-05-2019,2,29.175
417,1001,M19052019 ,27-05-2019,38,128,50,40,560,28-05-2019,1,48.5
418,2001,B19052019,27-05-2019,36,122,30,22,560,28-05-2019,1,29.1
419,1001,M19052019 ,28-05-2019,68,60,50,40,560,28-05-2019,0,47.5
420,2001,B19052019,28-05-2019,73,49,30,22,560,28-05-2019,0,28.5
421,1001,M26052019 ,26-05-2019,39,521,50,40,560,4/6/2019,9,50
422,2001,B26052019,26-05-2019,32,528,30,22,560,4/6/2019,9,30
423,1001,M26052019 ,27-05-2019,34,487,50,40,560,4/6/2019,8,50
424,2001,B26052019,27-05-2019,32,496,30,22,560,4/6/2019,8,30
425,1001,M26052019 ,28-05-2019,73,414,50,40,560,4/6/2019,7,50
426,2001,B26052019,28-05-2019,72,424,30,22,560,4/6/2019,7,30
427,1001,M26052019 ,29-05-2019,67,347,50,40,560,4/6/2019,6,50
428,2001,B26052019,29-05-2019,66,358,30,22,560,4/6/2019,6,30
429,1001,M26052019 ,30-05-2019,69,278,50,40,560,4/6/2019,5,50
430,2001,B26052019,30-05-2019,72,286,30,22,560,4/6/2019,5,30
431,1001,M26052019 ,31-05-2019,73,205,50,40,560,4/6/2019,4,48.875
432,2001,B26052019,31-05-2019,70,216,30,22,560,4/6/2019,4,29.325
433,1001,M26052019 ,1/6/2019,16,189,50,40,560,4/6/2019,3,48.75
434,2001,B26052019,1/6/2019,13,203,30,22,560,4/6/2019,3,29.25
435,1001,M26052019 ,2/6/2019,35,154,50,40,560,4/6/2019,2,48.625
436,2001,B26052019,2/6/2019,32,171,30,22,560,4/6/2019,2,29.175
437,1001,M26052019 ,3/6/2019,37,117,50,40,560,4/6/2019,1,48.5
438,2001,B26052019,3/6/2019,36,135,30,22,560,4/6/2019,1,29.1
439,1001,M26052019 ,4/6/2019,73,44,50,40,560,4/6/2019,0,47.5
440,2001,B26052019,4/6/2019,69,66,30,22,560,4/6/2019,0,28.5
441,3001,M02062019 ,2/6/2019,39,521,100,80,560,11/6/2019,9,100
442,4001,B02062019,2/6/2019,35,525,80,59,560,11/6/2019,9,80
443,3001,M02062019 ,3/6/2019,32,489,100,80,560,11/6/2019,8,100
444,4001,B02062019,3/6/2019,33,492,80,59,560,11/6/2019,8,80
445,3001,M02062019 ,4/6/2019,68,421,100,80,560,11/6/2019,7,100
446,4001,B02062019,4/6/2019,71,421,80,59,560,11/6/2019,7,80
447,3001,M02062019 ,5/6/2019,70,351,100,80,560,11/6/2019,6,100
448,4001,B02062019,5/6/2019,73,348,80,59,560,11/6/2019,6,80
449,3001,M02062019 ,6/6/2019,69,282,100,80,560,11/6/2019,5,100
450,4001,B02062019,6/6/2019,66,282,80,59,560,11/6/2019,5,80
451,3001,M02062019 ,7/6/2019,72,210,100,80,560,11/6/2019,4,97.75
452,4001,B02062019,7/6/2019,70,212,80,59,560,11/6/2019,4,78.2
453,3001,M02062019 ,8/6/2019,14,196,100,80,560,11/6/2019,3,97.5
454,4001,B02062019,8/6/2019,18,194,80,59,560,11/6/2019,3,78
455,3001,M02062019 ,9/6/2019,38,158,100,80,560,11/6/2019,2,97.25
456,4001,B02062019,9/6/2019,34,160,80,59,560,11/6/2019,2,77.8
457,3001,M02062019 ,10/6/2019,39,119,100,80,560,11/6/2019,1,97
458,4001,B02062019,10/6/2019,31,129,80,59,560,11/6/2019,1,77.6
459,3001,M02062019 ,11/6/2019,68,51,100,80,560,11/6/2019,0,95
460,4001,B02062019,11/6/2019,74,55,80,59,560,11/6/2019,0,76
461,3001,M09062019 ,9/6/2019,35,525,100,80,560,18-06-2019,9,100
462,4001,B09062019,9/6/2019,36,524,80,59,560,18-06-2019,9,80
463,3001,M09062019 ,10/6/2019,32,493,100,80,560,18-06-2019,8,100
464,4001,B09062019,10/6/2019,34,490,80,59,560,18-06-2019,8,80
465,3001,M09062019 ,11/6/2019,68,425,100,80,560,18-06-2019,7,100
466,4001,B09062019,11/6/2019,67,423,80,59,560,18-06-2019,7,80
467,3001,M09062019 ,12/6/2019,69,356,100,80,560,18-06-2019,6,100
468,4001,B09062019,12/6/2019,72,351,80,59,560,18-06-2019,6,80
469,3001,M09062019 ,13-06-2019,74,282,100,80,560,18-06-2019,5,100
470,4001,B09062019,13-06-2019,70,281,80,59,560,18-06-2019,5,80
471,3001,M09062019 ,14-06-2019,69,213,100,80,560,18-06-2019,4,97.75
472,4001,B09062019,14-06-2019,66,215,80,59,560,18-06-2019,4,78.2
473,3001,M09062019 ,15-06-2019,15,198,100,80,560,18-06-2019,3,97.5
474,4001,B09062019,15-06-2019,14,201,80,59,560,18-06-2019,3,78
475,3001,M09062019 ,16-06-2019,35,163,100,80,560,18-06-2019,2,97.25
476,4001,B09062019,16-06-2019,32,169,80,59,560,18-06-2019,2,77.8
477,3001,M09062019 ,17-06-2019,37,126,100,80,560,18-06-2019,1,97
478,4001,B09062019,17-06-2019,38,131,80,59,560,18-06-2019,1,77.6
479,3001,M09062019 ,18-06-2019,67,59,100,80,560,18-06-2019,0,95
480,4001,B09062019,18-06-2019,71,60,80,59,560,18-06-2019,0,76
481,3001,M16062019 ,16-06-2019,36,524,100,80,560,25-06-2019,9,100
482,4001,B16062019,16-06-2019,35,525,80,59,560,25-06-2019,9,80
483,3001,M16062019 ,17-06-2019,37,487,100,80,560,25-06-2019,8,100
484,4001,B16062019,17-06-2019,32,493,80,59,560,25-06-2019,8,80
485,3001,M16062019 ,18-06-2019,69,418,100,80,560,25-06-2019,7,100
486,4001,B16062019,18-06-2019,67,426,80,59,560,25-06-2019,7,80
487,3001,M16062019 ,19-06-2019,72,346,100,80,560,25-06-2019,6,100
488,4001,B16062019,19-06-2019,71,355,80,59,560,25-06-2019,6,80
489,3001,M16062019 ,20-06-2019,70,276,100,80,560,25-06-2019,5,100
490,4001,B16062019,20-06-2019,68,287,80,59,560,25-06-2019,5,80
491,3001,M16062019 ,21-06-2019,66,210,100,80,560,25-06-2019,4,97.75
492,4001,B16062019,21-06-2019,68,219,80,59,560,25-06-2019,4,78.2
493,3001,M16062019 ,22-06-2019,12,198,100,80,560,25-06-2019,3,97.5
494,4001,B16062019,22-06-2019,15,204,80,59,560,25-06-2019,3,78
495,3001,M16062019 ,23-06-2019,32,166,100,80,560,25-06-2019,2,97.25
496,4001,B16062019,23-06-2019,35,169,80,59,560,25-06-2019,2,77.8
497,3001,M16062019 ,24-06-2019,38,128,100,80,560,25-06-2019,1,97
498,4001,B16062019,24-06-2019,37,132,80,59,560,25-06-2019,1,77.6
499,3001,M16062019 ,25-06-2019,68,60,100,80,560,25-06-2019,0,95
500,4001,B16062019,25-06-2019,72,60,80,59,560,25-06-2019,0,76
501,3001,M23062019 ,23-06-2019,34,526,100,80,560,2/7/2019,9,100
502,4001,B23062019,23-06-2019,38,522,80,59,560,2/7/2019,9,80
503,3001,M23062019 ,24-06-2019,39,487,100,80,560,2/7/2019,8,100
504,4001,B23062019,24-06-2019,32,490,80,59,560,2/7/2019,8,80
505,3001,M23062019 ,25-06-2019,68,419,100,80,560,2/7/2019,7,100
506,4001,B23062019,25-06-2019,69,421,80,59,560,2/7/2019,7,80
507,3001,M23062019 ,26-06-2019,73,346,100,80,560,2/7/2019,6,100
508,4001,B23062019,26-06-2019,71,350,80,59,560,2/7/2019,6,80
509,3001,M23062019 ,27-06-2019,70,276,100,80,560,2/7/2019,5,100
510,4001,B23062019,27-06-2019,68,282,80,59,560,2/7/2019,5,80
511,3001,M23062019 ,28-06-2019,66,210,100,80,560,2/7/2019,4,97.75
512,4001,B23062019,28-06-2019,72,210,80,59,560,2/7/2019,4,78.2
513,3001,M23062019 ,29-06-2019,14,196,100,80,560,2/7/2019,3,97.5
514,4001,B23062019,29-06-2019,19,191,80,59,560,2/7/2019,3,78
515,3001,M23062019 ,30-06-2019,35,161,100,80,560,2/7/2019,2,97.25
516,4001,B23062019,30-06-2019,33,158,80,59,560,2/7/2019,2,77.8
517,3001,M23062019 ,1/7/2019,37,124,100,80,560,2/7/2019,1,97
518,4001,B23062019,1/7/2019,31,127,80,59,560,2/7/2019,1,77.6
519,3001,M23062019 ,2/7/2019,73,51,100,80,560,2/7/2019,0,95
520,4001,B23062019,2/7/2019,71,56,80,59,560,2/7/2019,0,76
521,3001,M30062019 ,30-06-2019,32,528,100,80,560,9/7/2019,9,100
522,4001,B30062019,30-06-2019,35,525,80,59,560,9/7/2019,9,80
523,3001,M30062019 ,1/7/2019,36,492,100,80,560,9/7/2019,8,100
524,4001,B30062019,1/7/2019,38,487,80,59,560,9/7/2019,8,80
525,3001,M30062019 ,2/7/2019,69,423,100,80,560,9/7/2019,7,100
526,4001,B30062019,2/7/2019,71,416,80,59,560,9/7/2019,7,80
527,3001,M30062019 ,3/7/2019,73,350,100,80,560,9/7/2019,6,100
528,4001,B30062019,3/7/2019,74,342,80,59,560,9/7/2019,6,80
529,3001,M30062019 ,4/7/2019,67,283,100,80,560,9/7/2019,5,100
530,4001,B30062019,4/7/2019,66,276,80,59,560,9/7/2019,5,80
531,3001,M30062019 ,5/7/2019,69,214,100,80,560,9/7/2019,4,97.75
532,4001,B30062019,5/7/2019,68,208,80,59,560,9/7/2019,4,78.2
533,3001,M30062019 ,6/7/2019,19,195,100,80,560,9/7/2019,3,97.5
534,4001,B30062019,6/7/2019,12,196,80,59,560,9/7/2019,3,78
535,3001,M30062019 ,7/7/2019,36,159,100,80,560,9/7/2019,2,97.25
536,4001,B30062019,7/7/2019,32,164,80,59,560,9/7/2019,2,77.8
537,3001,M30062019 ,8/7/2019,33,126,100,80,560,9/7/2019,1,97
538,4001,B30062019,8/7/2019,39,125,80,59,560,9/7/2019,1,77.6
539,3001,M30062019 ,9/7/2019,67,59,100,80,560,9/7/2019,0,95
540,4001,B30062019,9/7/2019,69,56,80,59,560,9/7/2019,0,76
541,3001,M07072019 ,7/7/2019,36,524,100,80,560,16-07-2019,9,100
542,4001,B07072019,7/7/2019,34,526,80,59,560,16-07-2019,9,80
543,3001,M07072019 ,8/7/2019,39,485,100,80,560,16-07-2019,8,100
544,4001,B07072019,8/7/2019,31,495,80,59,560,16-07-2019,8,80
545,3001,M07072019 ,9/7/2019,69,416,100,80,560,16-07-2019,7,100
546,4001,B07072019,9/7/2019,73,422,80,59,560,16-07-2019,7,80
547,3001,M07072019 ,10/7/2019,74,342,100,80,560,16-07-2019,6,100
548,4001,B07072019,10/7/2019,72,350,80,59,560,16-07-2019,6,80
549,3001,M07072019 ,11/7/2019,71,271,100,80,560,16-07-2019,5,100
550,4001,B07072019,11/7/2019,70,280,80,59,560,16-07-2019,5,80
551,3001,M07072019 ,12/7/2019,68,203,100,80,560,16-07-2019,4,97.75
552,4001,B07072019,12/7/2019,66,214,80,59,560,16-07-2019,4,78.2
553,3001,M07072019 ,13-07-2019,19,184,100,80,560,16-07-2019,3,97.5
554,4001,B07072019,13-07-2019,15,199,80,59,560,16-07-2019,3,78
555,3001,M07072019 ,14-07-2019,33,151,100,80,560,16-07-2019,2,97.25
556,4001,B07072019,14-07-2019,39,160,80,59,560,16-07-2019,2,77.8
557,3001,M07072019 ,15-07-2019,32,119,100,80,560,16-07-2019,1,97
558,4001,B07072019,15-07-2019,34,126,80,59,560,16-07-2019,1,77.6
559,3001,M07072019 ,16-07-2019,68,68,100,80,560,16-07-2019,0,95
560,4001,B07072019,16-07-2019,72,54,80,59,560,16-07-2019,0,76
561,3001,M14072019 ,14-07-2019,38,522,100,80,560,23-07-2019,9,100
562,4001,B14072019,14-07-2019,35,525,80,59,560,23-07-2019,9,80
563,3001,M14072019 ,15-07-2019,37,485,100,80,560,23-07-2019,8,100
564,4001,B14072019,15-07-2019,32,493,80,59,560,23-07-2019,8,80
565,3001,M14072019 ,16-07-2019,69,416,100,80,560,23-07-2019,7,100
566,4001,B14072019,16-07-2019,74,419,80,59,560,23-07-2019,7,80
567,3001,M14072019 ,17-07-2019,68,348,100,80,560,23-07-2019,6,100
568,4001,B14072019,17-07-2019,72,347,80,59,560,23-07-2019,6,80
569,3001,M14072019 ,18-07-2019,69,279,100,80,560,23-07-2019,5,100
570,4001,B14072019,18-07-2019,66,281,80,59,560,23-07-2019,5,80
571,3001,M14072019 ,19-07-2019,72,207,100,80,560,23-07-2019,4,97.75
572,4001,B14072019,19-07-2019,70,211,80,59,560,23-07-2019,4,78.2
573,3001,M14072019 ,20-07-2019,16,191,100,80,560,23-07-2019,3,97.5
574,4001,B14072019,20-07-2019,11,200,80,59,560,23-07-2019,3,78
575,3001,M14072019 ,21-07-2019,37,154,100,80,560,23-07-2019,2,97.25
576,4001,B14072019,21-07-20-19,32,168,80,59,560,23-07-2019,2,77.8
577,3001,M14072019 ,22-07-2019,34,120,100,80,560,23-07-2019,1,97
578,4001,B14072019,22-07-2019,38,130,80,59,560,23-07-2019,1,77.6
579,3001,M14072019 ,23-07-2019,67,53,100,80,560,23-07-2019,0,95
580,4001,B14072019,23-07-2019,69,61,80,59,560,23-07-2019,0,76
581,3001,M21072019 ,21-07-2019,35,525,100,80,560,30-07-2019,9,100
582,4001,B21072019,21-07-2019,38,522,80,59,560,30-07-2019,9,80
583,3001,M21072019 ,22-07-2019,32,493,100,80,560,30-07-2019,8,100
584,4001,B21072019,22-07-2019,31,491,80,59,560,30-07-2019,8,80
585,3001,M21072019 ,23-07-2019,69,424,100,80,560,30-07-2019,7,100
586,4001,B21072019,23-07-2019,72,419,80,59,560,30-07-2019,7,80
587,3001,M21072019 ,24-07-2019,73,351,100,80,560,30-07-2019,6,100
588,4001,B21072019,24-07-2019,69,350,80,59,560,30-07-2019,6,80
589,3001,M21072019 ,25-07-2019,67,284,100,80,560,30-07-2019,5,100
590,4001,B21072019,25-07-2019,66,284,80,59,560,30-07-2019,5,80
591,3001,M21072019 ,26-07-2019,69,215,100,80,560,30-07-2019,4,97.75
592,4001,B21072019,26-07-2019,71,213,80,59,560,30-07-2019,4,78.2
593,3001,M21072019 ,27-07-2019,11,204,100,80,560,30-07-2019,3,97.5
594,4001,B21072019,27-07-2019,18,195,80,59,560,30-07-2019,3,78
595,3001,M21072019 ,28-07-2019,36,168,100,80,560,30-07-2019,2,97.25
596,4001,B21072019,28-07-2019,38,157,80,59,560,30-07-2019,2,77.8
597,3001,M21072019 ,29-07-2019,35,133,100,80,560,30-07-2019,1,97
598,4001,B21072019,29-07-2019,32,125,80,59,560,30-07-2019,1,77.6
599,3001,M21072019 ,30-07-2019,68,65,100,80,560,30-07-2019,0,95
600,4001,B21072019,30-07-2019,67,58,80,59,560,30-07-2019,0,76
601,3001,M28072019 ,28-07-2019,39,521,100,80,560,6/8/2019,9,100
602,4001,B28072019,28-07-2019,37,523,80,59,560,6/8/2019,9,80
603,3001,M28072019 ,29-07-2019,35,486,100,80,560,6/8/2019,8,100
604,4001,B28072019,29-07-2019,34,489,80,59,560,6/8/2019,8,80
605,3001,M28072019 ,30-07-2019,69,417,100,80,560,6/8/2019,7,100
606,4001,B28072019,30-07-2019,72,417,80,59,560,6/8/2019,7,80
607,3001,M28072019 ,31-07-2019,67,350,100,80,560,6/8/2019,6,100
608,4001,B28072019,31-07-2019,68,349,80,59,560,6/8/2019,6,80
609,3001,M28072019 ,1/8/2019,74,276,100,80,560,6/8/2019,5,100
610,4001,B28072019,1/8/2019,71,278,80,59,560,6/8/2019,5,80
611,3001,M28072019 ,2/8/2019,71,205,100,80,560,6/8/2019,4,97.75
612,4001,B28072019,2/8/2019,66,212,80,59,560,6/8/2019,4,78.2
613,3001,M28072019 ,3/8/2019,15,190,100,80,560,6/8/2019,3,97.5
614,4001,B28072019,3/8/2019,13,199,80,59,560,6/8/2019,3,78
615,3001,M28072019 ,4/8/2019,35,155,100,80,560,6/8/2019,2,97.25
616,4001,B28072019,4/8/2019,31,168,80,59,560,6/8/2019,2,77.8
617,3001,M28072019 ,5/8/2019,37,118,100,80,560,6/8/2019,1,97
618,4001,B28072019,5/8/2019,38,130,80,59,560,6/8/2019,1,77.6
619,3001,M28072019 ,6/8/2019,72,46,100,80,560,6/8/2019,0,95
620,4001,B28072019,6/8/2019,73,57,80,59,560,6/8/2019,0,76
621,3001,M04082019 ,4/8/2019,38,522,100,80,560,13-08-2019,9,100
622,4001,B04082019,4/8/2019,35,525,80,59,560,13-08-2019,9,80
623,3001,M04082019 ,5/8/2019,37,485,100,80,560,13-08-2019,8,100
624,4001,B04082019,5/8/2019,32,493,80,59,560,13-08-2019,8,80
625,3001,M04082019 ,6/8/2019,68,417,100,80,560,13-08-2019,7,100
626,4001,B04082019,6/8/2019,69,424,80,59,560,13-08-2019,7,80
627,3001,M04082019 ,7/8/2019,72,345,100,80,560,13-08-2019,6,100
628,4001,B04082019,7/8/2019,70,354,80,59,560,13-08-2019,6,80
629,3001,M04082019 ,8/8/2019,69,276,100,80,560,13-08-2019,5,100
630,4001,B04082019,8/8/2019,73,281,80,59,560,13-08-2019,5,80
631,3001,M04082019 ,9/8/2019,69,207,100,80,560,13-08-2019,4,97.75
632,4001,B04082019,9/8/2019,71,210,80,59,560,13-08-2019,4,78.2
633,3001,M04082019 ,10/8/2019,18,189,100,80,560,13-08-2019,3,97.5
634,4001,B04082019,10/8/2019,14,196,80,59,560,13-08-2019,3,78
635,3001,M04082019 ,11/8/2019,37,152,100,80,560,13-08-2019,2,97.25
636,4001,B04082019,11/8/2019,34,162,80,59,560,13-08-2019,2,77.8
637,3001,M04082019 ,12/8/2019,31,121,100,80,560,13-08-2019,1,97
638,4001,B04082019,12/8/2019,38,124,80,59,560,13-08-2019,1,77.6
639,3001,M04082019 ,13-08-2019,72,49,100,80,560,13-08-2019,0,95
640,4001,B04082019,13-08-2019,66,58,80,59,560,13-08-2019,0,76
641,3001,M11082019 ,11/8/2019,37,523,100,80,560,20-08-2019,9,100
642,4001,B11082019,11/8/2019,39,521,80,59,560,20-08-2019,9,80
643,3001,M11082019 ,12/8/2019,35,488,100,80,560,20-08-2019,8,100
644,4001,B11082019,12/8/2019,36,485,80,59,560,20-08-2019,8,80
645,3001,M11082019 ,13-08-2019,67,421,100,80,560,20-08-2019,7,100
646,4001,B11082019,13-08-2019,74,411,80,59,560,20-08-2019,7,80
647,3001,M11082019 ,14-08-2019,71,350,100,80,560,20-08-2019,6,100
648,4001,B11082019,14-08-2019,68,343,80,59,560,20-08-2019,6,80
649,3001,M11082019 ,15-08-2019,69,281,100,80,560,20-08-2019,5,100
650,4001,B11082019,15-08-2019,70,273,80,59,560,20-08-2019,5,80
651,3001,M11082019 ,16-08-2019,73,208,100,80,560,20-08-2019,4,97.75
652,4001,B11082019,16-08-2019,72,201,80,59,560,20-08-2019,4,78.2
653,3001,M11082019 ,17-08-2019,11,197,100,80,560,20-08-2019,3,97.5
654,4001,B11082019,17-08-2019,15,186,80,59,560,20-08-2019,3,78
655,3001,M11082019 ,18-08-2019,36,161,100,80,560,20-08-2019,2,97.25
656,4001,B11082019,18-08-2019,33,153,80,59,560,20-08-2019,2,77.8
657,3001,M11082019 ,19-08-2019,38,123,100,80,560,20-08-2019,1,97
658,4001,B11082019,19-08-2019,39,114,80,59,560,20-08-2019,1,77.6
659,3001,M11082019 ,20-08-2019,69,54,100,80,560,20-08-2019,0,95
660,4001,B11082019,20-08-2019,68,46,80,59,560,20-08-2019,0,76
661,3001,M18082019 ,18-08-2019,35,525,100,80,560,27-08-2019,9,100
662,4001,B18082019,18-08-2019,38,522,80,59,560,27-08-2019,9,80
663,3001,M18082019 ,19-08-2019,32,493,100,80,560,27-08-2019,8,100
664,4001,B18082019,19-08-2019,39,483,80,59,560,27-08-2019,8,80
665,3001,M18082019 ,20-08-2019,68,425,100,80,560,27-08-2019,7,100
666,4001,B18082019,20-08-2019,71,412,80,59,560,27-08-2019,7,80
667,3001,M18082019 ,21-08-2019,73,352,100,80,560,27-08-2019,6,100
668,4001,B18082019,21-08-2019,69,343,80,59,560,27-08-2019,6,80
669,3001,M18082019 ,22-08-2019,70,282,100,80,560,27-08-2019,5,100
670,4001,B18082019,22-08-2019,66,277,80,59,560,27-08-2019,5,80
671,3001,M18082019 ,23-08-2019,68,214,100,80,560,27-08-2019,4,97.75
672,4001,B18082019,23-08-2019,67,210,80,59,560,27-08-2019,4,78.2
673,3001,M18082019 ,24-08-2019,16,198,100,80,560,27-08-2019,3,97.5
674,4001,B18082019,24-08-2019,14,196,80,59,560,27-08-2019,3,78
675,3001,M18082019 ,25-08-2019,37,161,100,80,560,27-08-2019,2,97.25
676,4001,B18082019,25-08-2019,33,163,80,59,560,27-08-2019,2,77.8
677,3001,M18082019 ,26-08-2019,34,127,100,80,560,27-08-2019,1,97
678,4001,B18082019,26-08-2019,39,124,80,59,560,27-08-2019,1,77.6
679,3001,M18082019 ,27-08-2019,68,59,100,80,560,27-08-2019,0,95
680,4001,B18082019,27-08-2019,72,52,80,59,560,27-08-2019,0,76
681,3001,M25082019 ,25-08-2019,36,524,100,80,560,3/9/2019,9,100
682,4001,B25082019,25-08-2019,35,525,80,59,560,3/9/2019,9,80
683,3001,M25082019 ,26-08-2019,39,485,100,80,560,3/9/2019,8,100
684,4001,B25082019,26-08-2019,33,492,80,59,560,3/9/2019,8,80
685,3001,M25082019 ,27-08-2019,69,416,100,80,560,3/9/2019,7,100
686,4001,B25082019,27-08-2019,71,421,80,59,560,3/9/2019,7,80
687,3001,M25082019 ,28-08-2019,72,344,100,80,560,3/9/2019,6,100
688,4001,B25082019,28-08-2019,67,354,80,59,560,3/9/2019,6,80
689,3001,M25082019 ,29-08-2019,69,275,100,80,560,3/9/2019,5,100
690,4001,B25082019,29-08-2019,74,280,80,59,560,3/9/2019,5,80
691,3001,M25082019 ,30-08-2019,71,204,100,80,560,3/9/2019,4,97.75
692,4001,B25082019,30-08-2019,69,211,80,59,560,3/9/2019,4,78.2
693,3001,M25082019 ,31-08-2019,15,189,100,80,560,3/9/2019,3,97.5
694,4001,B25082019,31-08-2019,13,198,80,59,560,3/9/2019,3,78
695,3001,M25082019 ,1/9/2019,37,152,100,80,560,3/9/2019,2,97.25
696,4001,B25082019,1/9/2019,35,163,80,59,560,3/9/2019,2,77.8
697,3001,M25082019 ,2/9/2019,34,118,100,80,560,3/9/2019,1,97
698,4001,B25082019,2/9/2019,38,125,80,59,560,3/9/2019,1,77.6
699,3001,M25082019 ,3/9/2019,68,50,100,80,560,3/9/2019,0,95
700,4001,B25082019,3/9/2019,69,56,80,59,560,3/9/2019,0,76
701,3001,M01092019 ,1/9/2019,37,523,100,80,560,10/9/2019,9,100
702,4001,B01092019,1/9/2019,34,526,80,59,560,10/9/2019,9,80
703,3001,M01092019 ,2/9/2019,36,487,100,80,560,10/9/2019,8,100
704,4001,B01092019,2/9/2019,39,487,80,59,560,10/9/2019,8,80
705,3001,M01092019 ,3/9/2019,68,419,100,80,560,10/9/2019,7,100
706,4001,B01092019,3/9/2019,72,415,80,59,560,10/9/2019,7,80
707,3001,M01092019 ,4/9/2019,71,348,100,80,560,10/9/2019,6,100
708,4001,B01092019,4/9/2019,70,345,80,59,560,10/9/2019,6,80
709,3001,M01092019 ,5/9/2019,68,280,100,80,560,10/9/2019,5,100
710,4001,B01092019,5/9/2019,66,279,80,59,560,10/9/2019,5,80
711,3001,M01092019 ,6/9/2019,68,212,100,80,560,10/9/2019,4,97.75
712,4001,B01092019,6/9/2019,70,209,80,59,560,10/9/2019,4,78.2
713,3001,M01092019 ,7/9/2019,13,199,100,80,560,10/9/2019,3,97.5
714,4001,B01092019,7/9/2019,16,193,80,59,560,10/9/2019,3,78
715,3001,M01092019 ,8/9/2019,35,164,100,80,560,10/9/2019,2,97.25
716,4001,B01092019,8/9/2019,38,155,80,59,560,10/9/2019,2,77.8
717,3001,M01092019 ,9/9/2019,37,127,100,80,560,10/9/2019,1,97
718,4001,B01092019,9/9/2019,33,122,80,59,560,10/9/2019,1,77.6
719,3001,M01092019 ,10/9/2019,66,61,100,80,560,10/9/2019,0,95
720,4001,B01092019,10/9/2019,72,50,80,59,560,10/9/2019,0,76
721,3001,M08092019 ,8/9/2019,36,524,100,80,560,17-09-2019,9,100
722,4001,B08092019,8/9/2019,38,522,80,59,560,17-09-2019,9,80
723,3001,M08092019 ,9/9/2019,35,489,100,80,560,17-09-2019,8,100
724,4001,B08092019,9/9/2019,32,490,80,59,560,17-09-2019,8,80
725,3001,M08092019 ,10/9/2019,69,420,100,80,560,17-09-2019,7,100
726,4001,B08092019,10/9/2019,72,418,80,59,560,17-09-2019,7,80
727,3001,M08092019 ,11/9/2019,70,350,100,80,560,17-09-2019,6,100
728,4001,B08092019,11/9/2019,66,352,80,59,560,17-09-2019,6,80
729,3001,M08092019 ,12/9/2019,67,283,100,80,560,17-09-2019,5,100
730,4001,B08092019,12/9/2019,73,279,80,59,560,17-09-2019,5,80
731,3001,M08092019 ,13-09-2019,71,212,100,80,560,17-09-2019,4,97.75
732,4001,B08092019,13-09-2019,72,207,80,59,560,17-09-2019,4,78.2
733,3001,M08092019 ,14-09-2019,15,197,100,80,560,17-09-2019,3,97.5
734,4001,B08092019,14-09-2019,18,189,80,59,560,17-09-2019,3,78
735,3001,M08092019 ,15-09-2019,35,162,100,80,560,17-09-2019,2,97.25
736,4001,B08092019,15-09-2019,37,152,80,59,560,17-09-2019,2,77.8
737,3001,M08092019 ,16-09-2019,38,124,100,80,560,17-09-2019,1,97
738,4001,B08092019,16-09-2019,32,120,80,59,560,17-09-2019,1,77.6
739,3001,M08092019 ,17-09-2019,68,56,100,80,560,17-09-2019,0,95
740,4001,B08092019,17-09-2019,66,54,80,59,560,17-09-2019,0,76
741,3001,M15092019 ,15-09-2019,38,522,100,80,560,24-09-2019,9,100
742,4001,B15092019,15-09-2019,36,524,80,59,560,24-09-2019,9,80
743,3001,M15092019 ,16-09-2019,39,483,100,80,560,24-09-2019,8,100
744,4001,B15092019,16-09-2019,34,490,80,59,560,24-09-2019,8,80
745,3001,M15092019 ,17-09-2019,68,415,100,80,560,24-09-2019,7,100
746,4001,B15092019,17-09-2019,71,419,80,59,560,24-09-2019,7,80
747,3001,M15092019 ,18-09-2019,72,343,100,80,560,24-09-2019,6,100
748,4001,B15092019,18-09-2019,69,350,80,59,560,24-09-2019,6,80
749,3001,M15092019 ,19-09-2019,68,275,100,80,560,24-09-2019,5,100
750,4001,B15092019,19-09-2019,73,277,80,59,560,24-09-2019,5,80
751,3001,M15092019 ,20-09-2019,74,201,100,80,560,24-09-2019,4,97.75
752,4001,B15092019,20-09-2019,70,207,80,59,560,24-09-2019,4,78.2
753,3001,M15092019 ,21-09-2019,14,187,100,80,560,24-09-2019,3,97.5
754,4001,B15092019,21-09-2019,18,189,80,59,560,24-09-2019,3,78
755,3001,M15092019 ,22-09-2019,37,150,100,80,560,24-09-2019,2,97.25
756,4001,B15092019,22-09-2019,32,157,80,59,560,24-09-2019,2,77.8
757,3001,M15092019 ,23-09-2019,35,115,100,80,560,24-09-2019,1,97
758,4001,B15092019,23-09-2019,39,118,80,59,560,24-09-2019,1,77.6
759,3001,M15092019 ,24-09-2019,68,47,100,80,560,24-09-2019,0,95
760,4001,B15092019,24-09-2019,66,52,80,59,560,24-09-2019,0,76
761,3001,M22092019 ,22-09-2019,35,525,100,80,560,1/10/2019,9,100
762,4001,B22092019,22-09-2019,38,522,80,59,560,1/10/2019,9,80
763,3001,M22092019 ,23-09-2019,35,490,100,80,560,1/10/2019,8,100
764,4001,B22092019,23-09-2019,32,490,80,59,560,1/10/2019,8,80
765,3001,M22092019 ,24-09-2019,69,421,100,80,560,1/10/2019,7,100
766,4001,B22092019,24-09-2019,73,417,80,59,560,1/10/2019,7,80
767,3001,M22092019 ,25-09-2019,71,350,100,80,560,1/10/2019,6,100
768,4001,B22092019,25-09-2019,70,347,80,59,560,1/10/2019,6,80
769,3001,M22092019 ,26-09-2019,69,281,100,80,560,1/10/2019,5,100
770,4001,B22092019,26-09-2019,72,275,80,59,560,1/10/2019,5,80
771,3001,M22092019 ,27-09-2019,66,215,100,80,560,1/10/2019,4,97.75
772,4001,B22092019,27-09-2019,68,207,80,59,560,1/10/2019,4,78.2
773,3001,M22092019 ,28-09-2019,19,196,100,80,560,1/10/2019,3,97.5
774,4001,B22092019,28-09-2019,13,194,80,59,560,1/10/2019,3,78
775,3001,M22092019 ,29-09-2019,35,161,100,80,560,1/10/2019,2,97.25
776,4001,B22092019,29-09-2019,31,163,80,59,560,1/10/2019,2,77.8
777,3001,M22092019 ,30-09-3019,37,124,100,80,560,1/10/2019,1,97
778,4001,B22092019,30-09-2019,39,124,80,59,560,1/10/2019,1,77.6
779,3001,M22092019 ,1/10/2019,70,54,100,80,560,1/10/2019,0,95
780,4001,B22092019,1/10/2019,68,56,80,59,560,1/10/2019,0,76
781,3001,M29092019 ,29-09-2019,39,521,100,80,560,8/10/2019,9,100
782,4001,B29092019,29-09-2019,37,523,80,59,560,8/10/2019,9,80
783,3001,M29092019 ,30-09-2019,35,486,100,80,560,8/10/2019,8,100
784,4001,B29092019,30-09-2019,32,491,80,59,560,8/10/2019,8,80
785,3001,M29092019 ,1/10/2019,68,418,100,80,560,8/10/2019,7,100
786,4001,B29092019,1/10/2019,69,422,80,59,560,8/10/2019,7,80
787,3001,M29092019 ,2/10/2019,70,348,100,80,560,8/10/2019,6,100
788,4001,B29092019,2/10/2019,72,350,80,59,560,8/10/2019,6,80
789,3001,M29092019 ,3/10/2019,73,275,100,80,560,8/10/2019,5,100
790,4001,B29092019,3/10/2019,71,279,80,59,560,8/10/2019,5,80
791,3001,M29092019 ,4/10/2019,69,206,100,80,560,8/10/2019,4,97.75
792,4001,B29092019,4/10/2019,66,213,80,59,560,8/10/2019,4,78.2
793,3001,M29092019 ,5/10/2019,15,191,100,80,560,8/10/2019,3,97.5
794,4001,B29092019,5/10/2019,13,200,80,59,560,8/10/2019,3,78
795,3001,M29092019 ,6/10/2019,34,157,100,80,560,8/10/2019,2,97.25
796,4001,B29092019,6/10/2019,37,163,80,59,560,8/10/2019,2,77.8
797,3001,M29092019 ,7/10/2019,31,126,100,80,560,8/10/2019,1,97
798,4001,B29092019,7/10/2019,32,131,80,59,560,8/10/2019,1,77.6
799,3001,M29092019 ,8/10/2019,69,57,100,80,560,8/10/2019,0,95
800,4001,B29092019,8/10/2019,70,61,80,59,560,8/10/2019,0,76
801,3001,M06102019 ,6/10/2019,38,522,100,80,560,15-10-2019,9,100
802,4001,B06102019,6/10/2019,35,525,80,59,560,15-10-2019,9,80
803,3001,M06102019 ,7/10/2019,36,486,100,80,560,15-10-2019,8,100
804,4001,B06102019,7/10/2019,32,493,80,59,560,15-10-2019,8,80
805,3001,M06102019 ,8/10/2019,70,416,100,80,560,15-10-2019,7,100
806,4001,B06102019,8/10/2019,69,424,80,59,560,15-10-2019,7,80
807,3001,M06102019 ,9/10/2019,73,343,100,80,560,15-10-2019,6,100
808,4001,B06102019,9/10/2019,72,352,80,59,560,15-10-2019,6,80
809,3001,M06102019 ,10/10/2019,68,275,100,80,560,15-10-2019,5,100
810,4001,B06102019,10/10/2019,66,286,80,59,560,15-10-2019,5,80
811,3001,M06102019 ,11/10/2019,74,201,100,80,560,15-10-2019,4,97.75
812,4001,B06102019,11/10/2019,70,216,80,59,560,15-10-2019,4,78.2
813,3001,M06102019 ,12/10/2019,15,186,100,80,560,15-10-2019,3,97.5
814,4001,B06102019,12/10/2019,17,199,80,59,560,15-10-2019,3,78
815,3001,M06102019 ,13-10-2019,36,150,100,80,560,15-10-2019,2,97.25
816,4001,B06102019,13-10-2019,32,167,80,59,560,15-10-2019,2,77.8
817,3001,M06102019 ,14-10-2019,33,117,100,80,560,15-10-2019,1,97
818,4001,B06102019,14-10-2019,38,129,80,59,560,15-10-2019,1,77.6
819,3001,M06102019 ,15-10-2019,69,48,100,80,560,15-10-2019,0,95
820,4001,B06102019,15-10-2019,67,62,80,59,560,15-10-2019,0,76
821,3001,M13102019 ,13-10-2019,34,526,100,80,560,22-10-2019,9,100
822,4001,B13102019,13-10-2019,38,522,80,59,560,22-10-2019,9,80
823,3001,M13102019 ,14-10-2019,31,495,100,80,560,22-10-2019,8,100
824,4001,B13102019,14-10-2019,33,489,80,59,560,22-10-2019,8,80
825,3001,M13102019 ,15-10-2019,68,427,100,80,560,22-10-2019,7,100
826,4001,B13102019,15-10-2019,69,420,80,59,560,22-10-2019,7,80
827,3001,M13102019 ,16-10-2019,70,357,100,80,560,22-10-2019,6,100
828,4001,B13102019,16-10-2019,73,347,80,59,560,22-10-2019,6,80
829,3001,M13102019 ,17-10-2019,71,286,100,80,560,22-10-2019,5,100
830,4001,B13102019,17-10-2019,68,279,80,59,560,22-10-2019,5,80
831,3001,M13102019 ,18-10-2019,70,216,100,80,560,22-10-2019,4,97.75
832,4001,B13102019,18-10-2019,74,205,80,59,560,22-10-2019,4,78.2
833,3001,M13102019 ,19-10-2019,16,200,100,80,560,22-10-2019,3,97.5
834,4001,B13102019,19-10-2019,14,191,80,59,560,22-10-2019,3,78
835,3001,M13102019 ,20-10-2019,38,162,100,80,560,22-10-2019,2,97.25
836,4001,B13102019,20-10-2019,35,156,80,59,560,22-10-2019,2,77.8
837,3001,M13102019 ,21-10-2019,31,131,100,80,560,22-10-2019,1,97
838,4001,B13102019,21-10-2019,36,120,80,59,560,22-10-2019,1,77.6
839,3001,M13102019 ,22-10-2019,69,62,100,80,560,22-10-2019,0,95
840,4001,B13102019,22-10-2019,72,48,80,59,560,22-10-2019,0,76
841,3001,M20102019 ,20-10-2019,31,529,100,80,560,29-10-2019,9,100
842,4001,B20102019,20-10-2019,34,526,80,59,560,29-10-2019,9,80
843,3001,M20102019 ,21-10-2019,38,491,100,80,560,29-10-2019,8,100
844,4001,B20102019,21-10-2019,39,487,80,59,560,29-10-2019,8,80
845,3001,M20102019 ,22-10-2019,68,423,100,80,560,29-10-2019,7,100
846,4001,B20102019,22-10-2019,66,421,80,59,560,29-10-2019,7,80
847,3001,M20102019 ,23-10-2019,69,354,100,80,560,29-10-2019,6,100
848,4001,B20102019,23-10-2019,73,348,80,59,560,29-10-2019,6,80
849,3001,M20102019 ,24-10-2019,71,283,100,80,560,29-10-2019,5,100
850,4001,B20102019,24-10-2019,72,276,80,59,560,29-10-2019,5,80
851,3001,M20102019 ,25-10-2019,70,213,100,80,560,29-10-2019,4,97.75
852,4001,B20102019,25-10-2019,68,208,80,59,560,29-10-2019,4,78.2
853,3001,M20102019 ,26-10-2019,14,199,100,80,560,29-10-2019,3,97.5
854,4001,B20102019,26-10-2019,16,192,80,59,560,29-10-2019,3,78
855,3001,M20102019 ,27-10-2019,36,163,100,80,560,29-10-2019,2,97.25
856,4001,B20102019,27-10-2019,38,154,80,59,560,29-10-2019,2,77.8
857,3001,M20102019 ,28-10-2019,31,132,100,80,560,29-10-2019,1,97
858,4001,B20102019,28-10-2019,33,121,80,59,560,29-10-2019,1,77.6
859,3001,M20102019 ,29-10-2019,69,63,100,80,560,29-10-2019,0,95
860,4001,B20102019,29-10-2019,71,50,80,59,560,29-10-2019,0,76
861,3001,M27102019 ,27-10-2019,37,523,100,80,560,5/11/2019,9,100
862,4001,B27102019,27-10-2019,39,521,80,59,560,5/11/2019,9,80
863,3001,M27102019 ,28-10-2019,36,487,100,80,560,5/11/2019,8,100
864,4001,B27102019,28-10-2019,34,487,80,59,560,5/11/2019,8,80
865,3001,M27102019 ,29-10-2019,69,418,100,80,560,5/11/2019,7,100
866,4001,B27102019,29-10-2019,71,416,80,59,560,5/11/2019,7,80
867,3001,M27102019 ,30-10-2019,72,346,100,80,560,5/11/2019,6,100
868,4001,B27102019,30-10-2019,70,346,80,59,560,5/11/2019,6,80
869,3001,M27102019 ,31-10-2019,69,277,100,80,560,5/11/2019,5,100
870,4001,B27102019,31-10-2019,66,280,80,59,560,5/11/2019,5,80
871,3001,M27102019 ,1/11/2019,73,204,100,80,560,5/11/2019,4,97.75
872,4001,B27102019,1/11/2019,71,209,80,59,560,5/11/2019,4,78.2
873,3001,M27102019 ,2/11/2019,14,190,100,80,560,5/11/2019,3,97.5
874,4001,B27102019,2/11/2019,17,192,80,59,560,5/11/2019,3,78
875,3001,M27102019 ,3/11/2019,34,156,100,80,560,5/11/2019,2,97.25
876,4001,B27102019,3/11/2019,32,160,80,59,560,5/11/2019,2,77.8
877,3001,M27102019 ,4/11/2019,36,120,100,80,560,5/11/2019,1,97
878,4001,B27102019,4/11/2019,38,122,80,59,560,5/11/2019,1,77.6
879,3001,M27102019 ,5/11/2019,69,51,100,80,560,5/11/2019,0,95
880,4001,B27102019,5/11/2019,74,48,80,59,560,5/11/2019,0,76
881,3001,M03112019 ,3/11/2019,35,525,100,80,560,12/11/2019,9,100
882,4001,B03112019,3/11/2019,38,522,80,59,560,12/11/2019,9,80
883,3001,M03112019 ,4/11/2019,32,493,100,80,560,12/11/2019,8,100
884,4001,B03112019,4/11/2019,31,491,80,59,560,12/11/2019,8,80
885,3001,M03112019 ,5/11/2019,68,425,100,80,560,12/11/2019,7,100
886,4001,B03112019,5/11/2019,69,422,80,59,560,12/11/2019,7,80
887,3001,M03112019 ,6/11/2019,70,355,100,80,560,12/11/2019,6,100
888,4001,B03112019,6/11/2019,73,349,80,59,560,12/11/2019,6,80
889,3001,M03112019 ,7/11/2019,71,284,100,80,560,12/11/2019,5,100
890,4001,B03112019,7/11/2019,74,275,80,59,560,12/11/2019,5,80
891,3001,M03112019 ,8/11/2019,69,215,100,80,560,12/11/2019,4,97.75
892,4001,B03112019,8/11/2019,66,209,80,59,560,12/11/2019,4,78.2
893,3001,M03112019 ,9/11/2019,13,202,100,80,560,12/11/2019,3,97.5
894,4001,B03112019,9/11/2019,15,194,80,59,560,12/11/2019,3,78
895,3001,M03112019 ,10/11/2019,31,171,100,80,560,12/11/2019,2,97.25
896,4001,B03112019,10/11/2019,34,160,80,59,560,12/11/2019,2,77.8
897,3001,M03112019 ,11/11/2019,37,134,100,80,560,12/11/2019,1,97
898,4001,B03112019,11/11/2019,35,125,80,59,560,12/11/2019,1,77.6
899,3001,M03112019 ,12/11/2019,70,64,100,80,560,12/11/2019,0,95
900,4001,B03112019,12/11/2019,73,52,80,59,560,12/11/2019,0,76
